IDfg,Season,Name,Team,Age,G,AB,PA,H,1B,2B,3B,HR,R,RBI,BB,IBB,SO,HBP,SF,SH,GDP,SB,CS,AVG,GB,FB,LD,IFFB,Pitches,Balls,Strikes,IFH,BU,BUH,BB%,K%,BB/K,OBP,SLG,OPS,ISO,BABIP,GB/FB,LD%,GB%,FB%,IFFB%,HR/FB,IFH%,BUH%,wOBA,wRAA,wRC,Bat,Fld,Rep,Pos,RAR,WAR,Dol,Spd,wRC+,WPA,#NAME?,#NAME?,RE24,REW,pLI,phLI,PH,WPA/LI,Clutch,FB% (Pitch),FBv,SL%,SLv,CT%,CTv,CB%,CBv,CH%,CHv,SF%,SFv,KN%,KNv,XX%,PO%,wFB,wSL,wCT,wCB,wCH,wSF,wKN,wFB/C,wSL/C,wCT/C,wCB/C,wCH/C,wSF/C,wKN/C,O-Swing%,Z-Swing%,Swing%,O-Contact%,Z-Contact%,Contact%,Zone%,F-Strike%,SwStr%,BsR,FA% (sc),FT% (sc),FC% (sc),FS% (sc),FO% (sc),SI% (sc),SL% (sc),CU% (sc),KC% (sc),EP% (sc),CH% (sc),SC% (sc),KN% (sc),UN% (sc),vFA (sc),vFT (sc),vFC (sc),vFS (sc),vFO (sc),vSI (sc),vSL (sc),vCU (sc),vKC (sc),vEP (sc),vCH (sc),vSC (sc),vKN (sc),FA-X (sc),FT-X (sc),FC-X (sc),FS-X (sc),FO-X (sc),SI-X (sc),SL-X (sc),CU-X (sc),KC-X (sc),EP-X (sc),CH-X (sc),SC-X (sc),KN-X (sc),FA-Z (sc),FT-Z (sc),FC-Z (sc),FS-Z (sc),FO-Z (sc),SI-Z (sc),SL-Z (sc),CU-Z (sc),KC-Z (sc),EP-Z (sc),CH-Z (sc),SC-Z (sc),KN-Z (sc),wFA (sc),wFT (sc),wFC (sc),wFS (sc),wFO (sc),wSI (sc),wSL (sc),wCU (sc),wKC (sc),wEP (sc),wCH (sc),wSC (sc),wKN (sc),wFA/C (sc),wFT/C (sc),wFC/C (sc),wFS/C (sc),wFO/C (sc),wSI/C (sc),wSL/C (sc),wCU/C (sc),wKC/C (sc),wEP/C (sc),wCH/C (sc),wSC/C (sc),wKN/C (sc),O-Swing% (sc),Z-Swing% (sc),Swing% (sc),O-Contact% (sc),Z-Contact% (sc),Contact% (sc),Zone% (sc),Pace,Def,wSB,UBR,Age Rng,Off,Lg,wGDP,Pull%,Cent%,Oppo%,Soft%,Med%,Hard%,TTO%,CH% (pi),CS% (pi),CU% (pi),FA% (pi),FC% (pi),FS% (pi),KN% (pi),SB% (pi),SI% (pi),SL% (pi),XX% (pi),vCH (pi),vCS (pi),vCU (pi),vFA (pi),vFC (pi),vFS (pi),vKN (pi),vSB (pi),vSI (pi),vSL (pi),vXX (pi),CH-X (pi),CS-X (pi),CU-X (pi),FA-X (pi),FC-X (pi),FS-X (pi),KN-X (pi),SB-X (pi),SI-X (pi),SL-X (pi),XX-X (pi),CH-Z (pi),CS-Z (pi),CU-Z (pi),FA-Z (pi),FC-Z (pi),FS-Z (pi),KN-Z (pi),SB-Z (pi),SI-Z (pi),SL-Z (pi),XX-Z (pi),wCH (pi),wCS (pi),wCU (pi),wFA (pi),wFC (pi),wFS (pi),wKN (pi),wSB (pi),wSI (pi),wSL (pi),wXX (pi),wCH/C (pi),wCS/C (pi),wCU/C (pi),wFA/C (pi),wFC/C (pi),wFS/C (pi),wKN/C (pi),wSB/C (pi),wSI/C (pi),wSL/C (pi),wXX/C (pi),O-Swing% (pi),Z-Swing% (pi),Swing% (pi),O-Contact% (pi),Z-Contact% (pi),Contact% (pi),Zone% (pi),Pace (pi),FRM,AVG+,BB%+,K%+,OBP+,SLG+,ISO+,BABIP+,LD+%,GB%+,FB%+,HR/FB%+,Pull%+,Cent%+,Oppo%+,Soft%+,Med%+,Hard%+,EV,LA,Barrels,Barrel%,maxEV,HardHit,HardHit%,Events,CStr%,CSW%,xBA,xSLG,xwOBA,L-WAR
1008315,1965,Willie Mays,SFG,34,157,558,638,177,101,21,3,52,118,112,76,16,71,0,2,2,11,9,4,0.317,,,,,,,,,,,0.11900000000000001,0.111,1.07,0.398,0.645,1.043,0.328,0.286,,,,,,,,,0.448,68.2,136,62.9,15,17.8,-0.2,97.9,10.7,,4.4,186,,,,,,,,,,,,,,,,,,,,,,,,,,,,,,,,,,,,,,,,,,,,,,,,,,0.3,,,,,,,,,,,,,,,,,,,,,,,,,,,,,,,,,,,,,,,,,,,,,,,,,,,,,,,,,,,,,,,,,,,,,,,,,,,,,,,,,,,,,,,,14.8,0.3,,34 - 34,63.2,2.1,,,,,,,,0.312,,,,,,,,,,,,,,,,,,,,,,,,,,,,,,,,,,,,,,,,,,,,,,,,,,,,,,,,,,,,,,,,,,,,,,,,,,,,123,148,78,124,165,248,101,,,,,,,,,,,,,,,,,,0,,,,,,10.7
1008315,1962,Willie Mays,SFG,31,162,621,706,189,99,36,5,49,130,141,78,11,85,4,3,0,19,18,2,0.304,,,,,,,,,,,0.11,0.12,0.92,0.384,0.615,0.999,0.311,0.286,,,,,,,,,0.428,59.1,141,55.8,20,21,0,102.6,10.5,,6,163,,,,,,,,,,,,,,,,,,,,,,,,,,,,,,,,,,,,,,,,,,,,,,,,,,2.9,,,,,,,,,,,,,,,,,,,,,,,,,,,,,,,,,,,,,,,,,,,,,,,,,,,,,,,,,,,,,,,,,,,,,,,,,,,,,,,,,,,,,,,,20,2.9,,31 - 31,58.7,2.9,,,,,,,,0.3,,,,,,,,,,,,,,,,,,,,,,,,,,,,,,,,,,,,,,,,,,,,,,,,,,,,,,,,,,,,,,,,,,,,,,,,,,,,113,126,92,114,150,222,98,,,,,,,,,,,,,,,,,,0,,,,,,10.5
1008315,1964,Willie Mays,SFG,33,157,578,665,171,94,21,9,47,121,111,82,13,72,1,3,1,11,19,5,0.296,,,,,,,,,,,0.12300000000000001,0.10800000000000001,1.14,0.383,0.607,0.99,0.311,0.268,,,,,,,,,0.424,58.9,130,54.9,17,18.7,0,96.5,10.5,,6.7,173,,,,,,,,,,,,,,,,,,,,,,,,,,,,,,,,,,,,,,,,,,,,,,,,,,2.1,,,,,,,,,,,,,,,,,,,,,,,,,,,,,,,,,,,,,,,,,,,,,,,,,,,,,,,,,,,,,,,,,,,,,,,,,,,,,,,,,,,,,,,,17,2.1,,33 - 33,57.1,3.7,,,,,,,,0.302,,,,,,,,,,,,,,,,,,,,,,,,,,,,,,,,,,,,,,,,,,,,,,,,,,,,,,,,,,,,,,,,,,,,,,,,,,,,112,166,79,119,155,244,93,,,,,,,,,,,,,,,,,,0,,,,,,10.5
1008315,1954,Willie Mays,NYG,23,151,565,640,195,108,33,13,41,119,110,66,,57,2,7,0,12,8,5,0.345,,,,,,,,,,,0.10300000000000001,0.089,1.16,0.411,0.667,1.078,0.322,0.325,,,,,,,,,0.471,68.5,141,59.7,21,18.7,-0.9,99.8,10.3,,5.8,173,,,,,,,,,,,,,,,,,,,,,,,,,,,,,,,,,,,,,,,,,,,,,,,,,,0.1,,,,,,,,,,,,,,,,,,,,,,,,,,,,,,,,,,,,,,,,,,,,,,,,,,,,,,,,,,,,,,,,,,,,,,,,,,,,,,,,,,,,,,,,20.1,0.1,,23 - 23,59.8,1.3,,,,,,,,0.256,,,,,,,,,,,,,,,,,,,,,,,,,,,,,,,,,,,,,,,,,,,,,,,,,,,,,,,,,,,,,,,,,,,,,,,,,,,,126,108,93,119,157,214,115,,,,,,,,,,,,,,,,,,0,,,,,,10.3
1008315,1963,Willie Mays,SFG,32,157,596,671,187,110,32,7,38,115,103,66,5,83,2,7,0,15,8,3,0.314,,,,,,,,,,,0.098,0.124,0.8,0.38,0.582,0.962,0.268,0.309,,,,,,,,,0.417,56.9,127,54.2,12,18.6,0,89.1,9.8,,5.3,174,,,,,,,,,,,,,,,,,,,,,,,,,,,,,,,,,,,,,,,,,,,,,,,,,,0.7,,,,,,,,,,,,,,,,,,,,,,,,,,,,,,,,,,,,,,,,,,,,,,,,,,,,,,,,,,,,,,,,,,,,,,,,,,,,,,,,,,,,,,,,12,0.7,,32 - 32,54.9,3.6,,,,,,,,0.27899999999999997,,,,,,,,,,,,,,,,,,,,,,,,,,,,,,,,,,,,,,,,,,,,,,,,,,,,,,,,,,,,,,,,,,,,,,,,,,,,123,126,87,120,153,213,111,,,,,,,,,,,,,,,,,,0,,,,,,9.8
1008315,1958,Willie Mays,SFG,27,152,600,685,208,135,33,11,29,121,96,78,12,56,1,6,0,11,31,6,0.347,,,,,,,,,,,0.114,0.082,1.39,0.419,0.583,1.002,0.237,0.344,,,,,,,,,0.431,59.7,137,53.1,15,20,-0.9,92.9,9.7,,7.2,162,,,,,,,,,,,,,,,,,,,,,,,,,,,,,,,,,,,,,,,,,,,,,,,,,,4.3,,,,,,,,,,,,,,,,,,,,,,,,,,,,,,,,,,,,,,,,,,,,,,,,,,,,,,,,,,,,,,,,,,,,,,,,,,,,,,,,,,,,,,,,14.1,4.3,,27 - 27,57.4,1.4,,,,,,,,0.23800000000000002,,,,,,,,,,,,,,,,,,,,,,,,,,,,,,,,,,,,,,,,,,,,,,,,,,,,,,,,,,,,,,,,,,,,,,,,,,,,129,127,70,124,138,156,121,,,,,,,,,,,,,,,,,,0,,,,,,9.7
1008315,1955,Willie Mays,NYG,24,152,580,670,185,103,18,13,51,123,127,79,13,60,4,7,0,12,24,4,0.319,,,,,,,,,,,0.11800000000000001,0.09,1.32,0.4,0.659,1.059,0.34,0.282,,,,,,,,,0.45,65.3,143,60,7,20,-0.9,88.6,9,,7.2,172,,,,,,,,,,,,,,,,,,,,,,,,,,,,,,,,,,,,,,,,,,,,,,,,,,3.7,,,,,,,,,,,,,,,,,,,,,,,,,,,,,,,,,,,,,,,,,,,,,,,,,,,,,,,,,,,,,,,,,,,,,,,,,,,,,,,,,,,,,,,,6.1,3.7,,24 - 24,63.8,-1.2,,,,,,,,0.284,,,,,,,,,,,,,,,,,,,,,,,,,,,,,,,,,,,,,,,,,,,,,,,,,,,,,,,,,,,,,,,,,,,,,,,,,,,,120,126,86,119,157,219,103,,,,,,,,,,,,,,,,,,0,,,,,,9
1000001,1961,Hank Aaron,MIL,27,155,603,671,197,114,39,10,34,115,120,56,20,64,2,9,1,16,21,9,0.327,,,,,,,,,,,0.083,0.095,0.88,0.381,0.594,0.974,0.267,0.317,,,,,,,,,0.41,46.4,126,44.8,24,20.3,-4,87.9,8.9,,6.7,153,,,,,,,,,,,,,,,,,,,,,,,,,,,,,,,,,,,,,,,,,,,,,,,,,,0.7,,,,,,,,,,,,,,,,,,,,,,,,,,,,,,,,,,,,,,,,,,,,,,,,,,,,,,,,,,,,,,,,,,,,,,,,,,,,,,,,,,,,,,,,20,0.7,,27 - 27,45.5,2.2,,,,,,,,0.23,,,,,,,,,,,,,,,,,,,,,,,,,,,,,,,,,,,,,,,,,,,,,,,,,,,,,,,,,,,,,,,,,,,,,,,,,,,,121,95,75,113,141,177,110,,,,,,,,,,,,,,,,,,0,,,,,,8.9
1008315,1966,Willie Mays,SFG,35,152,552,629,159,89,29,4,37,99,103,70,11,81,2,4,1,13,5,1,0.288,,,,,,,,,,,0.111,0.129,0.86,0.368,0.556,0.924,0.268,0.279,,,,,,,,,0.397,44.6,111,37.8,19,17.6,-0.2,78.2,8.5,,4.4,151,,,,,,,,,,,,,,,,,,,,,,,,,,,,,,,,,,,,,,,,,,,,,,,,,,0.9,,,,,,,,,,,,,,,,,,,,,,,,,,,,,,,,,,,,,,,,,,,,,,,,,,,,,,,,,,,,,,,,,,,,,,,,,,,,,,,,,,,,,,,,18.8,0.9,,35 - 35,38.7,3.2,,,,,,,,0.299,,,,,,,,,,,,,,,,,,,,,,,,,,,,,,,,,,,,,,,,,,,,,,,,,,,,,,,,,,,,,,,,,,,,,,,,,,,,109,148,94,114,140,200,97,,,,,,,,,,,,,,,,,,0,,,,,,8.5
1008315,1957,Willie Mays,NYG,26,152,585,668,195,114,26,20,35,112,97,76,15,62,1,6,0,14,38,19,0.333,,,,,,,,,,,0.114,0.093,1.23,0.407,0.626,1.033,0.292,0.324,,,,,,,,,0.439,62.6,137,56.5,4,19.1,-0.9,79.7,8.4,,7.1,170,,,,,,,,,,,,,,,,,,,,,,,,,,,,,,,,,,,,,,,,,,,,,,,,,,0.6,,,,,,,,,,,,,,,,,,,,,,,,,,,,,,,,,,,,,,,,,,,,,,,,,,,,,,,,,,,,,,,,,,,,,,,,,,,,,,,,,,,,,,,,3.1,0.6,,26 - 26,57.1,0.4,,,,,,,,0.259,,,,,,,,,,,,,,,,,,,,,,,,,,,,,,,,,,,,,,,,,,,,,,,,,,,,,,,,,,,,,,,,,,,,,,,,,,,,124,136,80,123,150,198,115,,,,,,,,,,,,,,,,,,0,,,,,,8.4
1000001,1963,Hank Aaron,MIL,29,161,631,714,201,124,29,4,44,121,130,78,18,94,0,5,0,11,31,5,0.319,,,,,,,,,,,0.109,0.132,0.83,0.391,0.586,0.977,0.268,0.315,,,,,,,,,0.42,62.2,137,60.4,-5,19.8,-8.9,74.7,8.4,,6.1,178,,,,,,,,,,,,,,,,,,,,,,,,,,,,,,,,,,,,,,,,,,,,,,,,,,4.6,,,,,,,,,,,,,,,,,,,,,,,,,,,,,,,,,,,,,,,,,,,,,,,,,,,,,,,,,,,,,,,,,,,,,,,,,,,,,,,,,,,,,,,,-13.9,4.6,,29 - 29,65,3.8,,,,,,,,0.303,,,,,,,,,,,,,,,,,,,,,,,,,,,,,,,,,,,,,,,,,,,,,,,,,,,,,,,,,,,,,,,,,,,,,,,,,,,,125,140,92,124,154,213,113,,,,,,,,,,,,,,,,,,0,,,,,,8.4
1008315,1961,Willie Mays,SFG,30,154,572,659,176,101,32,3,40,129,123,81,15,77,2,4,0,14,18,9,0.308,,,,,,,,,,,0.12300000000000001,0.11699999999999999,1.05,0.393,0.584,0.977,0.276,0.296,,,,,,,,,0.417,49,127,46.2,14,19.9,0,82.4,8.3,,5.4,156,,,,,,,,,,,,,,,,,,,,,,,,,,,,,,,,,,,,,,,,,,,,,,,,,,0.1,,,,,,,,,,,,,,,,,,,,,,,,,,,,,,,,,,,,,,,,,,,,,,,,,,,,,,,,,,,,,,,,,,,,,,,,,,,,,,,,,,,,,,,,14,0.1,,30 - 30,46.3,2.1,,,,,,,,0.3,,,,,,,,,,,,,,,,,,,,,,,,,,,,,,,,,,,,,,,,,,,,,,,,,,,,,,,,,,,,,,,,,,,,,,,,,,,,114,141,92,117,139,184,103,,,,,,,,,,,,,,,,,,0,,,,,,8.3
1008315,1960,Willie Mays,SFG,29,153,595,669,190,120,29,12,29,107,103,61,11,70,4,9,0,15,25,10,0.319,,,,,,,,,,,0.091,0.105,0.87,0.381,0.555,0.936,0.235,0.319,,,,,,,,,0.404,44.2,119,43.1,14,19.4,0,79.9,8.3,,7,155,,,,,,,,,,,,,,,,,,,,,,,,,,,,,,,,,,,,,,,,,,,,,,,,,,1.3,,,,,,,,,,,,,,,,,,,,,,,,,,,,,,,,,,,,,,,,,,,,,,,,,,,,,,,,,,,,,,,,,,,,,,,,,,,,,,,,,,,,,,,,14,1.3,,29 - 29,44.4,2.1,,,,,,,,0.239,,,,,,,,,,,,,,,,,,,,,,,,,,,,,,,,,,,,,,,,,,,,,,,,,,,,,,,,,,,,,,,,,,,,,,,,,,,,121,105,80,116,137,167,113,,,,,,,,,,,,,,,,,,0,,,,,,8.3
1000001,1959,Hank Aaron,MIL,25,154,629,693,223,131,46,7,39,116,123,51,17,54,4,9,0,19,8,0,0.355,,,,,,,,,,,0.074,0.078,0.94,0.401,0.636,1.037,0.281,0.338,,,,,,,,,0.44,66.1,145,65.3,-5,20.5,-6.7,79.2,8.2,,5.5,175,,,,,,,,,,,,,,,,,,,,,,,,,,,,,,,,,,,,,,,,,,,,,,,,,,1.8,,,,,,,,,,,,,,,,,,,,,,,,,,,,,,,,,,,,,,,,,,,,,,,,,,,,,,,,,,,,,,,,,,,,,,,,,,,,,,,,,,,,,,,,-11.7,1.8,,25 - 25,67.1,3.4,,,,,,,,0.20800000000000002,,,,,,,,,,,,,,,,,,,,,,,,,,,,,,,,,,,,,,,,,,,,,,,,,,,,,,,,,,,,,,,,,,,,,,,,,,,,131,84,64,119,152,190,118,,,,,,,,,,,,,,,,,,0,,,,,,8.2
1000001,1962,Hank Aaron,MIL,28,156,592,667,191,112,28,6,45,127,128,66,14,73,3,6,0,14,15,7,0.323,,,,,,,,,,,0.099,0.109,0.9,0.39,0.618,1.008,0.296,0.304,,,,,,,,,0.43,56.9,134,54.2,6,19.8,-3.8,79.2,8.1,,5.6,165,,,,,,,,,,,,,,,,,,,,,,,,,,,,,,,,,,,,,,,,,,,,,,,,,,0.2,,,,,,,,,,,,,,,,,,,,,,,,,,,,,,,,,,,,,,,,,,,,,,,,,,,,,,,,,,,,,,,,,,,,,,,,,,,,,,,,,,,,,,,,2.2,0.2,,28 - 28,54.5,2.8,,,,,,,,0.276,,,,,,,,,,,,,,,,,,,,,,,,,,,,,,,,,,,,,,,,,,,,,,,,,,,,,,,,,,,,,,,,,,,,,,,,,,,,120,113,83,116,151,212,105,,,,,,,,,,,,,,,,,,0,,,,,,8.1
1000001,1969,Hank Aaron,ATL,35,147,547,639,164,87,30,3,44,100,97,87,19,47,2,3,0,14,9,10,0.3,,,,,,,,,,,0.136,0.074,1.85,0.396,0.607,1.003,0.307,0.261,,,,,,,,,0.435,58,126,51.3,7,18,-7.9,70,7.6,,3.6,170,,,,,,,,,,,,,,,,,,,,,,,,,,,,,,,,,,,,,,,,,,,,,,,,,,-1.8,,,,,,,,,,,,,,,,,,,,,,,,,,,,,,,,,,,,,,,,,,,,,,,,,,,,,,,,,,,,,,,,,,,,,,,,,,,,,,,,,,,,,,,,-0.9,-1.8,,35 - 35,49.5,3.4,,,,,,,,0.27899999999999997,,,,,,,,,,,,,,,,,,,,,,,,,,,,,,,,,,,,,,,,,,,,,,,,,,,,,,,,,,,,,,,,,,,,,,,,,,,,116,151,52,120,158,246,91,,,,,,,,,,,,,,,,,,0,,,,,,7.6
1000001,1957,Hank Aaron,MIL,23,151,615,675,198,121,27,6,44,118,132,57,15,58,0,3,0,13,1,1,0.322,,,,,,,,,,,0.084,0.086,0.98,0.378,0.6,0.978,0.278,0.298,,,,,,,,,0.419,52.6,128,52,4,19.3,-4.5,71.4,7.6,,3.7,164,,,,,,,,,,,,,,,,,,,,,,,,,,,,,,,,,,,,,,,,,,,,,,,,,,0.3,,,,,,,,,,,,,,,,,,,,,,,,,,,,,,,,,,,,,,,,,,,,,,,,,,,,,,,,,,,,,,,,,,,,,,,,,,,,,,,,,,,,,,,,-0.5,0.3,,23 - 23,52.2,0.4,,,,,,,,0.23600000000000002,,,,,,,,,,,,,,,,,,,,,,,,,,,,,,,,,,,,,,,,,,,,,,,,,,,,,,,,,,,,,,,,,,,,,,,,,,,,120,101,74,114,144,189,106,,,,,,,,,,,,,,,,,,0,,,,,,7.6
1000001,1965,Hank Aaron,MIL,31,150,570,639,181,108,40,1,32,109,89,60,10,81,1,8,0,15,24,4,0.318,,,,,,,,,,,0.094,0.127,0.74,0.379,0.56,0.938,0.242,0.32,,,,,,,,,0.406,48.5,116,44.1,10,17.8,-8.1,69.3,7.6,,5.2,160,,,,,,,,,,,,,,,,,,,,,,,,,,,,,,,,,,,,,,,,,,,,,,,,,,3.3,,,,,,,,,,,,,,,,,,,,,,,,,,,,,,,,,,,,,,,,,,,,,,,,,,,,,,,,,,,,,,,,,,,,,,,,,,,,,,,,,,,,,,,,1.9,3.3,,31 - 31,47.4,2.1,,,,,,,,0.271,,,,,,,,,,,,,,,,,,,,,,,,,,,,,,,,,,,,,,,,,,,,,,,,,,,,,,,,,,,,,,,,,,,,,,,,,,,,123,117,89,118,143,183,113,,,,,,,,,,,,,,,,,,0,,,,,,7.6
826,1999,Derek Jeter,NYY,25,158,627,739,219,149,37,9,24,134,102,91,5,116,12,6,3,12,19,8,0.349,,,,,,,,,,,0.12300000000000001,0.157,0.78,0.438,0.552,0.989,0.203,0.396,,,,,,,,,0.428,55.8,152,55.7,-11,23.8,8.6,79.8,7.4,,6.2,156,6.86,-10.75,17.61,64.85,6.33,1.02,,0,5.89,0.87,,,,,,,,,,,,,,,,,,,,,,,,,,,,,,,,,,,,,,,,0.2,,,,,,,,,,,,,,,,,,,,,,,,,,,,,,,,,,,,,,,,,,,,,,,,,,,,,,,,,,,,,,,,,,,,,,,,,,,,,,,,,,,,,,,,-2.4,0.2,,25 - 25,55.9,2.5,,,,,,,,0.313,,,,,,,,,,,,,,,,,,,,,,,,,,,,,,,,,,,,,,,,,,,,,,,,,,,,,,,,,,,,,,,,,,,,,,,,,,,,127,131,100,126,125,123,131,,,,,,,,,,,,,,,,,,0,,,,,,7.4
1008315,1959,Willie Mays,SFG,28,151,575,648,180,98,43,5,34,125,104,65,9,58,2,6,0,11,27,4,0.313,,,,,,,,,,,0.1,0.09,1.12,0.381,0.583,0.964,0.27,0.299,,,,,,,,,0.413,48.2,122,42.4,4,19.1,-0.9,71.8,7.4,,6.8,152,,,,,,,,,,,,,,,,,,,,,,,,,,,,,,,,,,,,,,,,,,,,,,,,,,4,,,,,,,,,,,,,,,,,,,,,,,,,,,,,,,,,,,,,,,,,,,,,,,,,,,,,,,,,,,,,,,,,,,,,,,,,,,,,,,,,,,,,,,,3.1,4,,28 - 28,46.4,3.1,,,,,,,,0.242,,,,,,,,,,,,,,,,,,,,,,,,,,,,,,,,,,,,,,,,,,,,,,,,,,,,,,,,,,,,,,,,,,,,,,,,,,,,116,115,74,113,139,182,104,,,,,,,,,,,,,,,,,,0,,,,,,7.4
1000001,1967,Hank Aaron,ATL,33,155,600,669,184,105,37,3,39,113,109,63,19,97,0,6,0,11,17,6,0.307,,,,,,,,,,,0.094,0.145,0.65,0.369,0.573,0.943,0.267,0.309,,,,,,,,,0.41,53.4,120,46.3,1,18,-7.7,62.9,7.3,,5.2,163,,,,,,,,,,,,,,,,,,,,,,,,,,,,,,,,,,,,,,,,,,,,,,,,,,1.6,,,,,,,,,,,,,,,,,,,,,,,,,,,,,,,,,,,,,,,,,,,,,,,,,,,,,,,,,,,,,,,,,,,,,,,,,,,,,,,,,,,,,,,,-6.7,1.6,,33 - 33,47.9,3.7,,,,,,,,0.297,,,,,,,,,,,,,,,,,,,,,,,,,,,,,,,,,,,,,,,,,,,,,,,,,,,,,,,,,,,,,,,,,,,,,,,,,,,,119,118,104,115,151,221,108,,,,,,,,,,,,,,,,,,0,,,,,,7.3
1000001,1971,Hank Aaron,ATL,37,139,495,573,162,90,22,3,47,95,118,71,21,58,2,5,0,9,1,1,0.327,,,,,,,,,,,0.124,0.10099999999999999,1.22,0.41,0.669,1.079,0.341,0.291,,,,,,,,,0.466,65.3,124,57.1,-6,15.7,-7,62.1,7.1,,2.6,191,,,,,,,,,,,,,,,,,,,,,,,,,,,,,,,,,,,,,,,,,,,,,,,,,,-0.1,,,,,,,,,,,,,,,,,,,,,,,,,,,,,,,,,,,,,,,,,,,,,,,,,,,,,,,,,,,,,,,,,,,,,,,,,,,,,,,,,,,,,,,,-13,-0.1,,37 - 37,57,2.4,,,,,,,,0.307,,,,,,,,,,,,,,,,,,,,,,,,,,,,,,,,,,,,,,,,,,,,,,,,,,,,,,,,,,,,,,,,,,,,,,,,,,,,126,145,78,126,176,283,103,,,,,,,,,,,,,,,,,,0,,,,,,7.1
1000001,1968,Hank Aaron,ATL,34,160,606,676,174,108,33,4,29,84,86,64,23,62,1,5,0,21,28,5,0.287,,,,,,,,,,,0.095,0.092,1.03,0.354,0.498,0.852,0.211,0.279,,,,,,,,,0.376,39.3,101,34,9,17.3,-8.7,59.7,7.1,,5.4,151,,,,,,,,,,,,,,,,,,,,,,,,,,,,,,,,,,,,,,,,,,,,,,,,,,4,,,,,,,,,,,,,,,,,,,,,,,,,,,,,,,,,,,,,,,,,,,,,,,,,,,,,,,,,,,,,,,,,,,,,,,,,,,,,,,,,,,,,,,,0.3,4,,34 - 34,37.9,4.1,,,,,,,,0.22899999999999998,,,,,,,,,,,,,,,,,,,,,,,,,,,,,,,,,,,,,,,,,,,,,,,,,,,,,,,,,,,,,,,,,,,,,,,,,,,,114,129,65,114,140,205,99,,,,,,,,,,,,,,,,,,0,,,,,,7.1
1000001,1960,Hank Aaron,MIL,26,153,590,664,172,101,20,11,40,102,126,60,13,63,2,12,0,8,16,7,0.292,,,,,,,,,,,0.09,0.095,0.95,0.352,0.566,0.919,0.275,0.265,,,,,,,,,0.392,37.6,112,39.4,14,19.3,-8.3,67.1,7,,6.4,150,,,,,,,,,,,,,,,,,,,,,,,,,,,,,,,,,,,,,,,,,,,,,,,,,,0.6,,,,,,,,,,,,,,,,,,,,,,,,,,,,,,,,,,,,,,,,,,,,,,,,,,,,,,,,,,,,,,,,,,,,,,,,,,,,,,,,,,,,,,,,5.7,0.6,,26 - 26,40,2.1,,,,,,,,0.245,,,,,,,,,,,,,,,,,,,,,,,,,,,,,,,,,,,,,,,,,,,,,,,,,,,,,,,,,,,,,,,,,,,,,,,,,,,,111,104,73,107,140,195,93,,,,,,,,,,,,,,,,,,0,,,,,,7
1008315,1956,Willie Mays,NYG,25,152,578,650,171,100,27,8,36,101,84,68,20,65,1,3,0,16,40,10,0.296,,,,,,,,,,,0.105,0.1,1.05,0.369,0.557,0.926,0.261,0.281,,,,,,,,,0.395,35.6,111,33.4,13,19.3,-0.9,68,6.9,,7.1,143,,,,,,,,,,,,,,,,,,,,,,,,,,,,,,,,,,,,,,,,,,,,,,,,,,4.3,,,,,,,,,,,,,,,,,,,,,,,,,,,,,,,,,,,,,,,,,,,,,,,,,,,,,,,,,,,,,,,,,,,,,,,,,,,,,,,,,,,,,,,,12.1,4.3,,25 - 25,37.7,-1.1,,,,,,,,0.26,,,,,,,,,,,,,,,,,,,,,,,,,,,,,,,,,,,,,,,,,,,,,,,,,,,,,,,,,,,,,,,,,,,,,,,,,,,,112,119,90,112,134,171,103,,,,,,,,,,,,,,,,,,0,,,,,,6.9
1000001,1956,Hank Aaron,MIL,22,153,609,660,200,126,34,14,26,106,92,37,6,54,2,7,5,21,2,4,0.328,,,,,,,,,,,0.055999999999999994,0.082,0.69,0.365,0.558,0.923,0.23,0.325,,,,,,,,,0.399,38.2,115,42,15,19.6,-7.4,67.3,6.9,,4.9,153,,,,,,,,,,,,,,,,,,,,,,,,,,,,,,,,,,,,,,,,,,,,,,,,,,-0.8,,,,,,,,,,,,,,,,,,,,,,,,,,,,,,,,,,,,,,,,,,,,,,,,,,,,,,,,,,,,,,,,,,,,,,,,,,,,,,,,,,,,,,,,7.6,-0.8,,22 - 22,41.2,-1.1,,,,,,,,0.177,,,,,,,,,,,,,,,,,,,,,,,,,,,,,,,,,,,,,,,,,,,,,,,,,,,,,,,,,,,,,,,,,,,,,,,,,,,,125,64,74,110,134,150,119,,,,,,,,,,,,,,,,,,0,,,,,,6.9
1000001,1966,Hank Aaron,ATL,32,158,603,688,168,100,23,1,44,117,127,76,15,96,1,8,0,14,21,3,0.279,,,,,,,,,,,0.11,0.14,0.79,0.356,0.539,0.895,0.26,0.263,,,,,,,,,0.383,41.5,114,33.4,12,19.3,-8.3,63.3,6.9,,5,142,,,,,,,,,,,,,,,,,,,,,,,,,,,,,,,,,,,,,,,,,,,,,,,,,,3.4,,,,,,,,,,,,,,,,,,,,,,,,,,,,,,,,,,,,,,,,,,,,,,,,,,,,,,,,,,,,,,,,,,,,,,,,,,,,,,,,,,,,,,,,3.7,3.4,,32 - 32,36.8,3.5,,,,,,,,0.314,,,,,,,,,,,,,,,,,,,,,,,,,,,,,,,,,,,,,,,,,,,,,,,,,,,,,,,,,,,,,,,,,,,,,,,,,,,,105,147,102,110,135,194,92,,,,,,,,,,,,,,,,,,0,,,,,,6.9
1000001,1958,Hank Aaron,MIL,24,153,601,664,196,128,34,4,30,109,95,59,16,49,1,3,0,21,4,1,0.326,,,,,,,,,,,0.089,0.074,1.2,0.386,0.546,0.931,0.22,0.316,,,,,,,,,0.401,42.1,117,40,9,19.4,-5.8,64.8,6.8,,4,149,,,,,,,,,,,,,,,,,,,,,,,,,,,,,,,,,,,,,,,,,,,,,,,,,,0.8,,,,,,,,,,,,,,,,,,,,,,,,,,,,,,,,,,,,,,,,,,,,,,,,,,,,,,,,,,,,,,,,,,,,,,,,,,,,,,,,,,,,,,,,3.2,0.8,,24 - 24,40.9,1.4,,,,,,,,0.20800000000000002,,,,,,,,,,,,,,,,,,,,,,,,,,,,,,,,,,,,,,,,,,,,,,,,,,,,,,,,,,,,,,,,,,,,,,,,,,,,121,99,63,114,130,145,112,,,,,,,,,,,,,,,,,,0,,,,,,6.8
1000001,1964,Hank Aaron,MIL,30,145,570,634,187,131,30,2,24,103,95,62,9,46,0,2,0,22,22,4,0.328,,,,,,,,,,,0.098,0.073,1.35,0.393,0.514,0.907,0.186,0.325,,,,,,,,,0.396,42.9,111,40.2,4,17.9,-7.1,61.7,6.8,,5.4,156,,,,,,,,,,,,,,,,,,,,,,,,,,,,,,,,,,,,,,,,,,,,,,,,,,3.1,,,,,,,,,,,,,,,,,,,,,,,,,,,,,,,,,,,,,,,,,,,,,,,,,,,,,,,,,,,,,,,,,,,,,,,,,,,,,,,,,,,,,,,,-3.1,3.1,,30 - 30,43.3,3.5,,,,,,,,0.20800000000000002,,,,,,,,,,,,,,,,,,,,,,,,,,,,,,,,,,,,,,,,,,,,,,,,,,,,,,,,,,,,,,,,,,,,,,,,,,,,125,131,53,122,131,146,113,,,,,,,,,,,,,,,,,,0,,,,,,6.8
826,2009,Derek Jeter,NYY,35,153,634,716,212,166,27,1,18,107,66,72,4,90,5,1,4,18,30,5,0.334,309,123,110,1,2746,1073,1673,22,7,3,0.10099999999999999,0.126,0.8,0.406,0.465,0.871,0.131,0.368,0.025099999999999997,0.203,0.57,0.22699999999999998,0.008,0.146,0.071,0.429,0.385,33.1,119,27.1,6.3,21.8,5.9,66.9,6.7,$42.80 ,5,130,1.46,-11.38,12.84,20.97,2.12,0.96,3.89,1,2.3,-0.79,0.64,91.3,0.156,82.9,0.055,87.4,0.057,77.8,0.078,81.7,0.01,83.9,0.004,69.3,0.016,,28.1,-5.2,0.7,5.1,5.9,-0.6,-0.6,1.63,-1.23,0.48,3.28,2.81,-2.45,-5.32,0.22,0.701,0.45799999999999996,0.653,0.9159999999999999,0.852,0.493,0.5820000000000001,0.067,2.5,0.35600000000000004,,0.061,0.013000000000000001,0,0.276,0.14800000000000002,0.051,0.005,,0.084,,0.005,,91.6,,87.7,84,83.8,90.8,83,76.6,77.8,,81.7,,70.3,-2.5,,-0.2,-3.2,-6.3,-4.4,1.1,3.3,-1.4,,1.1,,0.9,10,,6.1,5.6,5.8,6.6,1.6,-4.3,-6.4,,5.2,,4.6,14.2,,0.3,0.4,0,9.3,-1.5,4.4,0.3,,5.5,,-0.8,1.48,,0.18,1.2,3.11,1.25,-0.39,3.19,2.03,,2.44,,-5.46,0.23,0.6679999999999999,0.457,0.6709999999999999,0.907,0.85,0.52,,12.2,3.3,1.6,35 - 35,29.6,3.2,-2.4,0.315,0.364,0.321,0.14400000000000002,0.596,0.26,0.251,0.074,,0.06,0.402,0.075,0.013999999999999999,0.005,,0.21899999999999997,0.138,0.001,82.5,,77.8,92.3,87.8,82.8,70.5,,91.5,83.8,0,3.2,,3.3,-1.8,0.5,-7.8,2.9,,-4,2.3,0,4.1,,-6.4,8.6,4.4,2.7,1,,4.5,-0.1,0,2,,1.6,-0.8,0.7,0.2,-0.1,,-1.2,-0.5,-0.1,0.98,,0.99,-0.07,0.32,0.39,-0.39,,-0.2,-0.12,-4.71,0.23399999999999999,0.6679999999999999,0.45799999999999996,0.6629999999999999,0.912,0.85,0.516,,,125,114,72,121,108,81,123,1.09,134,58,139,77,111,123,93,104,97,,,0,,,0,,0,0.152,0.22,,,,6.7
1008315,1968,Willie Mays,SFG,37,148,498,573,144,96,20,5,23,84,79,67,7,81,2,6,0,13,12,6,0.289,,,,,,,,,,,0.11699999999999999,0.141,0.83,0.372,0.488,0.86,0.199,0.303,,,,,,,,,0.387,37.3,90,34.2,2,14.7,-0.1,54.7,6.7,,5.1,160,,,,,,,,,,,,,,,,,,,,,,,,,,,,,,,,,,,,,,,,,,,,,,,,,,0.4,,,,,,,,,,,,,,,,,,,,,,,,,,,,,,,,,,,,,,,,,,,,,,,,,,,,,,,,,,,,,,,,,,,,,,,,,,,,,,,,,,,,,,,,1.9,0.4,,37 - 37,34.7,3.5,,,,,,,,0.298,,,,,,,,,,,,,,,,,,,,,,,,,,,,,,,,,,,,,,,,,,,,,,,,,,,,,,,,,,,,,,,,,,,,,,,,,,,,115,159,100,120,137,193,108,,,,,,,,,,,,,,,,,,0,,,,,,6.7
826,1998,Derek Jeter,NYY,24,149,626,694,203,151,25,8,19,127,84,57,1,119,5,3,3,13,30,6,0.324,,,,,,,,,,,0.082,0.171,0.48,0.384,0.481,0.864,0.157,0.375,,,,,,,,,0.379,27.6,113,25.6,2,21.5,8.1,63,6.2,,7.5,128,4.33,-10.63,14.97,49.65,4.54,0.97,1.59,1,4.33,0.13,,,,,,,,,,,,,,,,,,,,,,,,,,,,,,,,,,,,,,,,3.4,,,,,,,,,,,,,,,,,,,,,,,,,,,,,,,,,,,,,,,,,,,,,,,,,,,,,,,,,,,,,,,,,,,,,,,,,,,,,,,,,,,,,,,,10.1,3.4,,24 - 24,29,2.5,,,,,,,,0.281,,,,,,,,,,,,,,,,,,,,,,,,,,,,,,,,,,,,,,,,,,,,,,,,,,,,,,,,,,,,,,,,,,,,,,,,,,,,119,93,105,113,111,97,124,,,,,,,,,,,,,,,,,,0,,,,,,6.2
826,2006,Derek Jeter,NYY,32,154,623,715,214,158,39,3,14,118,97,69,4,102,12,4,7,13,34,5,0.343,309,95,116,2,2702,1083,1619,27,12,4,0.097,0.14300000000000002,0.68,0.417,0.483,0.9,0.14,0.391,0.0325,0.223,0.594,0.183,0.021,0.147,0.087,0.33299999999999996,0.392,37.1,127,34.7,-7.3,22.5,6.1,63.4,6.1,$29.40 ,6.2,138,6.09,-10.36,16.45,54.79,5.28,1,,0,3.78,2.33,0.669,91.3,0.138,83.4,0.024,87.8,0.082,76.7,0.067,81.3,0.008,84.3,0.013000000000000001,67.4,0.013000000000000001,0.002,17.6,6.9,0.8,3.2,7.4,0.6,1.6,0.99,1.88,1.31,1.48,4.14,3.08,4.68,0.18100000000000002,0.746,0.473,0.528,0.8959999999999999,0.828,0.517,0.59,0.081,5.2,,,,,,,,,,,,,,,,,,,,,,,,,,,,,,,,,,,,,,,,,,,,,,,,,,,,,,,,,,,,,,,,,,,,,,,,,,,,,,,,,,,,,,,,-1.2,4.3,-0.7,32 - 32,39.9,2.4,1.6,0.325,0.348,0.327,0.1,0.583,0.318,0.259,,,,,,,,,,,,,,,,,,,,,,,,,,,,,,,,,,,,,,,,,,,,,,,,,,,,,,,,,,,,,,,,,,,,,,,,,,,,125,116,88,123,110,86,128,1.14,136,50,137,80,104,126,93,95,115,,,,,,,,0,0.128,0.209,,,,6.1
1008315,1971,Willie Mays,SFG,40,136,417,537,113,66,24,5,18,82,61,112,11,123,3,4,1,8,23,3,0.271,,,,,,,,,,,0.209,0.22899999999999998,0.91,0.425,0.482,0.907,0.211,0.339,,,,,,,,,0.406,37.8,93,33.8,1,14.7,-3.4,51.9,5.9,,6.7,157,,,,,,,,,,,,,,,,,,,,,,,,,,,,,,,,,,,,,,,,,,,,,,,,,,3.6,,,,,,,,,,,,,,,,,,,,,,,,,,,,,,,,,,,,,,,,,,,,,,,,,,,,,,,,,,,,,,,,,,,,,,,,,,,,,,,,,,,,,,,,-2.4,3.6,,40 - 40,37.4,2.2,,,,,,,,0.47100000000000003,,,,,,,,,,,,,,,,,,,,,,,,,,,,,,,,,,,,,,,,,,,,,,,,,,,,,,,,,,,,,,,,,,,,,,,,,,,,104,244,178,131,127,175,120,,,,,,,,,,,,,,,,,,0,,,,,,5.9
1000001,1955,Hank Aaron,MIL,21,153,602,665,189,116,37,9,27,105,106,49,5,61,3,4,7,20,3,1,0.314,,,,,,,,,,,0.074,0.092,0.8,0.366,0.54,0.906,0.226,0.313,,,,,,,,,0.396,36.5,114,36.8,7,19.8,-5.5,57.7,5.9,,4.9,144,,,,,,,,,,,,,,,,,,,,,,,,,,,,,,,,,,,,,,,,,,,,,,,,,,0.7,,,,,,,,,,,,,,,,,,,,,,,,,,,,,,,,,,,,,,,,,,,,,,,,,,,,,,,,,,,,,,,,,,,,,,,,,,,,,,,,,,,,,,,,1.5,0.7,,21 - 21,37.5,-1.2,,,,,,,,0.20600000000000002,,,,,,,,,,,,,,,,,,,,,,,,,,,,,,,,,,,,,,,,,,,,,,,,,,,,,,,,,,,,,,,,,,,,,,,,,,,,118,79,88,109,128,146,115,,,,,,,,,,,,,,,,,,0,,,,,,5.9
1000001,1970,Hank Aaron,ATL,36,150,516,598,154,89,26,1,38,103,118,74,15,63,2,6,0,13,9,0,0.298,,,,,,,,,,,0.124,0.105,1.17,0.385,0.574,0.958,0.275,0.276,,,,,,,,,0.412,43.1,111,34,0,17.4,-6.4,49.9,5.2,,4.6,146,,,,,,,,,,,,,,,,,,,,,,,,,,,,,,,,,,,,,,,,,,,,,,,,,,2,,,,,,,,,,,,,,,,,,,,,,,,,,,,,,,,,,,,,,,,,,,,,,,,,,,,,,,,,,,,,,,,,,,,,,,,,,,,,,,,,,,,,,,,-6.4,2,,36 - 36,36,2.8,,,,,,,,0.293,,,,,,,,,,,,,,,,,,,,,,,,,,,,,,,,,,,,,,,,,,,,,,,,,,,,,,,,,,,,,,,,,,,,,,,,,,,,112,129,77,113,141,195,95,,,,,,,,,,,,,,,,,,0,,,,,,5.2
826,2002,Derek Jeter,NYY,28,157,644,730,191,147,26,0,18,124,75,73,2,114,7,3,3,14,32,3,0.297,289,118,120,3,2740,1061,1679,20,9,5,0.1,0.156,0.64,0.373,0.421,0.794,0.124,0.336,0.0245,0.228,0.5479999999999999,0.22399999999999998,0.025,0.153,0.069,0.556,0.352,15.8,103,14.6,-0.1,22.2,7,52.2,5.2,$20.40 ,5.6,116,1.33,-11.66,12.99,21.33,2.09,0.93,,0,1.72,-0.29,0.6990000000000001,89.4,0.109,82,,,0.089,76.4,0.071,80.2,0.018000000000000002,80.9,0.013999999999999999,68,0.043,,17.5,-1.3,,1.8,-4.1,1.4,0.6,0.96,-0.47,,0.76,-2.22,3.05,1.69,0.161,0.78,0.493,0.562,0.843,0.8,0.537,0.5820000000000001,0.099,5.9,,,,,,,,,,,,,,,,,,,,,,,,,,,,,,,,,,,,,,,,,,,,,,,,,,,,,,,,,,,,,,,,,,,,,,,,,,,,,,,,,,,,,,,,7,5.1,1.3,28 - 28,20.5,2.5,-0.5,0.358,0.295,0.34700000000000003,0.14,0.664,0.196,0.281,,,,,,,,,,,,,,,,,,,,,,,,,,,,,,,,,,,,,,,,,,,,,,,,,,,,,,,,,,,,,,,,,,,,,,,,,,,,112,119,96,112,99,77,115,1.07,129,62,143,82,104,125,96,106,86,,,,,,,,0,0.12300000000000001,0.222,,,,5.2
1008315,1970,Willie Mays,SFG,39,139,478,566,139,94,15,2,28,94,83,79,3,90,3,6,0,7,5,0,0.291,,,,,,,,,,,0.14,0.159,0.88,0.39,0.506,0.897,0.215,0.303,,,,,,,,,0.397,34.3,98,28.6,-2,16.5,-1.7,45.2,4.8,,4.3,141,,,,,,,,,,,,,,,,,,,,,,,,,,,,,,,,,,,,,,,,,,,,,,,,,,1.2,,,,,,,,,,,,,,,,,,,,,,,,,,,,,,,,,,,,,,,,,,,,,,,,,,,,,,,,,,,,,,,,,,,,,,,,,,,,,,,,,,,,,,,,-3.7,1.2,,39 - 39,29.8,2.6,,,,,,,,0.348,,,,,,,,,,,,,,,,,,,,,,,,,,,,,,,,,,,,,,,,,,,,,,,,,,,,,,,,,,,,,,,,,,,,,,,,,,,,109,146,116,115,124,153,104,,,,,,,,,,,,,,,,,,0,,,,,,4.8
826,2004,Derek Jeter,NYY,30,154,643,721,188,120,44,1,23,111,78,46,1,99,14,2,16,19,23,4,0.292,256,171,111,4,2553,962,1591,21,24,5,0.064,0.13699999999999998,0.46,0.352,0.471,0.823,0.179,0.315,0.015,0.20600000000000002,0.47600000000000003,0.318,0.023,0.135,0.082,0.20800000000000002,0.356,16,105,15.3,-0.8,22.4,6.9,48.4,4.7,$19.80 ,5.4,117,2.27,-11.59,13.86,19.05,1.96,0.95,,0,1.78,0.62,0.684,90.6,0.122,82.8,0.01,85.9,0.081,76,0.069,80.3,0.019,84.8,0.015,69.5,0.031,0.002,0.1,9.5,-0.1,-2.7,9.4,0.3,-2.7,0,3.14,-0.23,-1.33,5.49,0.76,-7.02,0.168,0.7829999999999999,0.503,0.5670000000000001,0.868,0.823,0.545,0.601,0.089,2.4,,,,,,,,,,,,,,,,,,,,,,,,,,,,,,,,,,,,,,,,,,,,,,,,,,,,,,,,,,,,,,,,,,,,,,,,,,,,,,,,,,,,,,,,6.1,2.7,0.7,30 - 30,17.7,2.2,-1,0.4,0.28600000000000003,0.313,0.146,0.5660000000000001,0.28800000000000003,0.233,,,,,,,,,,,,,,,,,,,,,,,,,,,,,,,,,,,,,,,,,,,,,,,,,,,,,,,,,,,,,,,,,,,,,,,,,,,,108,75,84,104,109,109,105,1.05,109,87,121,90,101,115,105,96,107,,,,,,,,0,0.11900000000000001,0.20800000000000002,,,,4.7
826,2005,Derek Jeter,NYY,31,159,654,752,202,153,25,5,19,122,70,77,3,117,11,3,7,15,14,5,0.309,321,111,103,3,2883,1138,1745,25,12,4,0.102,0.156,0.66,0.389,0.45,0.839,0.141,0.351,0.028900000000000002,0.193,0.6,0.207,0.027000000000000003,0.171,0.078,0.33299999999999996,0.369,26.8,117,26.2,-15,23,6.9,43.7,4.4,$20.60 ,5.3,129,2.14,-11.56,13.7,27.9,2.83,0.96,,0,2.3,-0.07,0.682,90.1,0.142,82.7,0.013000000000000001,86.1,0.068,75.5,0.065,80.3,0.01,84.3,0.021,67.7,0.027000000000000003,0.002,19.4,5.9,1.6,-1.6,3.9,0.6,-1.7,1.02,1.48,4.54,-0.83,2.14,2.32,-2.82,0.159,0.723,0.457,0.512,0.892,0.83,0.528,0.581,0.077,0.2,,,,,,,,,,,,,,,,,,,,,,,,,,,,,,,,,,,,,,,,,,,,,,,,,,,,,,,,,,,,,,,,,,,,,,,,,,,,,,,,,,,,,,,,-8.1,0.4,0.5,31 - 31,26.4,2.4,-0.7,0.35600000000000004,0.282,0.36200000000000004,0.161,0.521,0.318,0.28300000000000003,,,,,,,,,,,,,,,,,,,,,,,,,,,,,,,,,,,,,,,,,,,,,,,,,,,,,,,,,,,,,,,,,,,,,,,,,,,,115,130,99,118,106,90,119,0.95,136,58,161,83,95,132,108,91,113,,,,,,,,0,0.14800000000000002,0.225,,,,4.4
1000001,1972,Hank Aaron,ATL,38,129,449,544,119,75,10,0,34,75,77,92,15,55,1,2,0,17,4,0,0.265,,,,,,,,,,,0.16899999999999998,0.10099999999999999,1.67,0.39,0.514,0.904,0.249,0.235,,,,,,,,,0.403,38.5,92,28.4,-4,14.5,-7,35.7,4.3,,2.6,148,,,,,,,,,,,,,,,,,,,,,,,,,,,,,,,,,,,,,,,,,,,,,,,,,,0.9,,,,,,,,,,,,,,,,,,,,,,,,,,,,,,,,,,,,,,,,,,,,,,,,,,,,,,,,,,,,,,,,,,,,,,,,,,,,,,,,,,,,,,,,-11,0.9,,38 - 38,29.3,3,,,,,,,,0.33299999999999996,,,,,,,,,,,,,,,,,,,,,,,,,,,,,,,,,,,,,,,,,,,,,,,,,,,,,,,,,,,,,,,,,,,,,,,,,,,,103,192,75,120,136,204,84,,,,,,,,,,,,,,,,,,0,,,,,,4.3
826,2001,Derek Jeter,NYY,27,150,614,686,191,132,35,3,21,110,74,56,3,99,10,1,5,13,27,2,0.311,,,,,,,,,,,0.082,0.14400000000000002,0.57,0.377,0.48,0.858,0.169,0.343,,,,,,,,,0.371,25.4,111,25.8,-17,21.4,6.8,43.9,4.2,,6.4,130,2.19,-11.27,13.45,34.77,3.5,0.98,,0,2.8,-0.58,,,,,,,,,,,,,,,,,,,,,,,,,,,,,,,,,,,,,,,,4.5,,,,,,,,,,,,,,,,,,,,,,,,,,,,,,,,,,,,,,,,,,,,,,,,,,,,,,,,,,,,,,,,,,,,,,,,,,,,,,,,,,,,,,,,-10.2,4.5,,27 - 27,30.3,2.4,,,,,,,,0.257,,,,,,,,,,,,,,,,,,,,,,,,,,,,,,,,,,,,,,,,,,,,,,,,,,,,,,,,,,,,,,,,,,,,,,,,,,,,116,98,88,113,112,105,116,,,,,,,,,,,,,,,,,,0,,,,,,4.2
826,2003,Derek Jeter,NYY,29,119,482,542,156,118,25,3,10,87,52,43,2,88,13,1,3,10,11,5,0.324,211,83,92,1,2022,758,1264,14,12,7,0.079,0.162,0.49,0.393,0.45,0.844,0.127,0.379,0.0254,0.23800000000000002,0.547,0.215,0.012,0.12,0.066,0.583,0.372,19.9,86,19.4,-3.7,16.7,5.3,41.7,4.1,$17.70 ,5.1,129,1.33,-7.93,9.27,17.56,1.75,0.88,0.36,1,1.18,0.33,0.7040000000000001,89.4,0.121,82.2,,,0.079,75.5,0.067,80.9,0.01,84.3,0.018000000000000002,66.9,0.017,,22.6,-1.6,,-1.2,-1.3,0.3,-0.4,1.61,-0.65,,-0.75,-0.96,1.25,-1.24,0.21899999999999997,0.743,0.48700000000000004,0.523,0.89,0.809,0.511,0.607,0.095,1.9,,,,,,,,,,,,,,,,,,,,,,,,,,,,,,,,,,,,,,,,,,,,,,,,,,,,,,,,,,,,,,,,,,,,,,,,,,,,,,,,,,,,,,,,1.6,-0.1,2.2,29 - 29,21.4,2,-0.2,0.384,0.29100000000000004,0.324,0.12300000000000001,0.628,0.249,0.26,,,,,,,,,,,,,,,,,,,,,,,,,,,,,,,,,,,,,,,,,,,,,,,,,,,,,,,,,,,,,,,,,,,,,,,,,,,,121,96,103,118,105,79,129,1.04,130,61,109,86,108,115,81,103,104,,,,,,,,0,0.14,0.235,,,,4.1
1008315,1967,Willie Mays,SFG,36,141,486,544,128,82,22,2,22,83,70,51,7,92,2,3,2,12,6,0,0.263,,,,,,,,,,,0.094,0.16899999999999998,0.55,0.334,0.453,0.787,0.189,0.283,,,,,,,,,0.35,20.2,75,14.7,2,14.7,0,35.9,4.1,,4.8,125,,,,,,,,,,,,,,,,,,,,,,,,,,,,,,,,,,,,,,,,,,,,,,,,,,1.5,,,,,,,,,,,,,,,,,,,,,,,,,,,,,,,,,,,,,,,,,,,,,,,,,,,,,,,,,,,,,,,,,,,,,,,,,,,,,,,,,,,,,,,,2,1.5,,36 - 36,16.2,3,,,,,,,,0.303,,,,,,,,,,,,,,,,,,,,,,,,,,,,,,,,,,,,,,,,,,,,,,,,,,,,,,,,,,,,,,,,,,,,,,,,,,,,102,118,121,104,120,157,99,,,,,,,,,,,,,,,,,,0,,,,,,4.1
826,1997,Derek Jeter,NYY,23,159,654,748,190,142,31,7,10,116,70,74,0,125,10,2,8,14,23,12,0.291,,,,,,,,,,,0.099,0.16699999999999998,0.59,0.37,0.405,0.775,0.115,0.345,,,,,,,,,0.349,10.5,103,9.7,-3,23.1,8.7,41.3,4,,6.2,110,1.83,-11.86,13.7,18.34,1.74,1,,0,0.83,1.02,,,,,,,,,,,,,,,,,,,,,,,,,,,,,,,,,,,,,,,,-0.5,,,,,,,,,,,,,,,,,,,,,,,,,,,,,,,,,,,,,,,,,,,,,,,,,,,,,,,,,,,,,,,,,,,,,,,,,,,,,,,,,,,,,,,,5.7,-0.5,,23 - 23,9.2,3.2,,,,,,,,0.27899999999999997,,,,,,,,,,,,,,,,,,,,,,,,,,,,,,,,,,,,,,,,,,,,,,,,,,,,,,,,,,,,,,,,,,,,,,,,,,,,107,109,101,109,94,73,114,,,,,,,,,,,,,,,,,,0,,,,,,4
1008315,1951,Willie Mays,NYG,20,121,464,524,127,80,22,5,20,59,68,57,,60,2,,1,11,7,4,0.274,,,,,,,,,,,0.109,0.115,0.95,0.356,0.472,0.828,0.198,0.279,,,,,,,,,0.378,16.8,78,13.1,8,15.6,-0.7,38.1,3.9,,4.4,120,,,,,,,,,,,,,,,,,,,,,,,,,,,,,,,,,,,,,,,,,,,,,,,,,,0.2,,,,,,,,,,,,,,,,,,,,,,,,,,,,,,,,,,,,,,,,,,,,,,,,,,,,,,,,,,,,,,,,,,,,,,,,,,,,,,,,,,,,,,,,7.3,0.2,,20 - 20,13.3,1.9,,,,,,,,0.261,,,,,,,,,,,,,,,,,,,,,,,,,,,,,,,,,,,,,,,,,,,,,,,,,,,,,,,,,,,,,,,,,,,,,,,,,,,,102,114,128,104,116,144,101,,,,,,,,,,,,,,,,,,0,,,,,,3.9
826,2000,Derek Jeter,NYY,26,148,593,679,201,151,31,4,15,119,73,68,4,99,12,3,3,14,22,4,0.339,,,,,,,,,,,0.1,0.146,0.69,0.416,0.481,0.896,0.142,0.386,,,,,,,,,0.395,31.9,121,30.6,-23,22,6.6,41.3,3.7,,6.2,133,2.25,-10.09,12.34,35.94,3.28,0.92,,0,3.09,-0.64,,,,,,,,,,,,,,,,,,,,,,,,,,,,,,,,,,,,,,,,2.7,,,,,,,,,,,,,,,,,,,,,,,,,,,,,,,,,,,,,,,,,,,,,,,,,,,,,,,,,,,,,,,,,,,,,,,,,,,,,,,,,,,,,,,,-16.4,2.7,,26 - 26,33.3,2.5,,,,,,,,0.268,,,,,,,,,,,,,,,,,,,,,,,,,,,,,,,,,,,,,,,,,,,,,,,,,,,,,,,,,,,,,,,,,,,,,,,,,,,,123,105,93,119,108,84,127,,,,,,,,,,,,,,,,,,0,,,,,,3.7
826,2007,Derek Jeter,NYY,33,156,639,714,206,151,39,4,12,102,73,56,3,100,14,2,3,21,15,8,0.322,301,129,107,5,2653,1028,1625,32,7,2,0.078,0.14,0.56,0.388,0.452,0.84,0.13,0.367,0.0233,0.19899999999999998,0.561,0.24,0.039,0.093,0.106,0.28600000000000003,0.371,23.8,112,22.8,-18,22.1,6.8,37.2,3.6,$20.30 ,4.8,125,2.65,-10.89,13.54,31.9,3.12,0.95,2.26,2,2.85,-0.05,0.643,91,0.151,82.6,0.04,87.5,0.066,76.1,0.076,81.2,0.015,83.5,0.009,67.1,0.015,0.003,17.7,6.6,-0.3,1.4,0.8,2.2,0,1.06,1.68,-0.27,0.84,0.4,5.73,-0.19,0.21,0.716,0.47,0.619,0.925,0.8590000000000001,0.515,0.5670000000000001,0.066,0.9,0.657,,0.035,0.008,,,0.14400000000000002,0.083,,,0.072,,,,92.2,,88.8,86.5,,,84.6,78.4,,,82.6,,,-2.7,,0.6,-5.7,,,2.3,4.5,,,-0.5,,,9.2,,7,3.5,,,2.8,-3.7,,,5.6,,,2.8,,-1.1,-0.4,,,2.1,-2.2,,,0.2,,,0.68,,-5.02,-8.74,,,2.36,-4.24,,,0.48,,,0.268,0.711,0.498,0.7,0.9129999999999999,0.8590000000000001,0.521,,-11.2,-1.2,3.5,33 - 33,23.7,2.6,-1.4,0.34700000000000003,0.366,0.287,0.114,0.494,0.392,0.235,0.017,0,0.021,0.113,0.016,0.002,,,0.038,0.028999999999999998,,83.4,88.4,79.8,92.2,88.1,81.6,,,92.3,85.1,,-1.6,7.6,4.1,-2.3,0.5,-5.4,,,-4.7,2.6,,3.8,7.4,-4.7,8.5,4.1,2.9,,,4.2,1.1,,-0.8,0.3,-1.1,2.7,0.3,0.4,,,0,-0.4,,-1.91,27.23,-1.91,0.91,0.62,9.21,,,0.05,-0.51,,0.262,0.7240000000000001,0.498,0.7,0.9129999999999999,0.8590000000000001,0.511,,,119,92,84,115,107,85,120,1.08,128,64,99,86,108,112,64,99,121,,,0,,,0,,0,0.14300000000000002,0.209,,,,3.6
826,2008,Derek Jeter,NYY,34,150,596,668,179,140,25,3,11,88,69,52,0,85,9,4,7,24,11,5,0.3,299,122,92,4,2492,950,1542,26,9,2,0.078,0.127,0.61,0.363,0.408,0.771,0.107,0.333,0.0245,0.179,0.583,0.23800000000000002,0.033,0.09,0.087,0.222,0.344,8.7,89,7,-0.1,20.3,6.3,33.8,3.4,$20.90 ,4.6,109,0.14,-11.02,11.16,13.87,1.44,0.95,,0,0.47,-0.32,0.657,91.1,0.131,82.9,0.051,87.1,0.084,76.5,0.066,81.2,0.002,83.5,0.009,65,0.008,0.003,11.5,-3.5,-3.1,1,1.3,0.7,0.3,0.71,-1.1,-2.49,0.48,0.77,11.55,1.27,0.23199999999999998,0.72,0.47700000000000004,0.6859999999999999,0.9,0.848,0.503,0.578,0.072,-2.4,0.315,,0.065,0.003,,0.326,0.124,0.07,0.012,,0.076,,0.009,,91.6,,88.2,82.2,,90.8,82.9,75.8,80.5,,82,,65,-1.7,,-1.1,-3.9,,-6.1,0.6,1.7,1.8,,-1.3,,0.6,9.7,,6,5.3,,6.4,1.6,-4.3,-4.6,,4.3,,2.6,8.2,,-0.8,-0.3,,-0.3,1.8,0.4,-1.4,,-0.5,,0.2,1.06,,-0.51,-4.81,,-0.04,0.61,0.24,-4.79,,-0.25,,0.72,0.25,0.6659999999999999,0.47700000000000004,0.6559999999999999,0.914,0.852,0.546,,6.1,-0.4,1.4,34 - 34,4.6,2.7,-3.4,0.293,0.335,0.37200000000000005,0.155,0.5710000000000001,0.27399999999999997,0.222,0.064,,0.081,0.405,0.06,0.002,0.009,,0.23399999999999999,0.13,,82.4,,77.1,92.3,88,83.8,65.4,,91.5,83.9,,1.1,,3.5,-1.2,0.8,-1.7,5.4,,-3.9,2.4,,3.2,,-6.4,8.1,3.3,1.3,0,,4.4,0,,1.8,,1.3,-1.9,-0.2,0.1,-0.2,,-1,1,,1.12,,0.65,-0.19,-0.14,2.17,-0.71,,-0.18,0.32,,0.24600000000000002,0.6709999999999999,0.47700000000000004,0.65,0.915,0.852,0.542,,,112,91,76,108,97,70,110,0.91,134,65,92,71,104,140,95,101,101,,,0,,,0,,0,0.139,0.21100000000000002,,,,3.4
826,2012,Derek Jeter,NYY,38,159,683,740,216,169,32,0,15,99,58,45,1,90,5,1,6,24,9,4,0.316,366,93,127,3,2740,997,1743,30,14,5,0.061,0.122,0.5,0.362,0.429,0.791,0.113,0.347,0.0394,0.217,0.625,0.159,0.032,0.161,0.082,0.35700000000000004,0.347,19.1,104,14.6,-8.2,21.9,3.4,31.3,3.3,$21.30 ,3.3,117,0.92,-12.26,13.17,13.39,1.33,1,,0,1.14,-0.23,0.649,92.1,0.113,83.9,0.074,88.5,0.06,78.1,0.086,83.8,0.013999999999999999,84.6,0.004,76.4,0.001,,21.2,-5.7,2.8,3.6,-4,-0.3,-0.6,1.2,-1.87,1.38,2.16,-1.68,-0.69,-6.41,0.307,0.732,0.496,0.733,0.903,0.845,0.445,0.605,0.077,-3.5,0.39799999999999996,,0.066,0.009,0.001,0.26,0.114,0.042,0.018000000000000002,0,0.089,,0.003,,92.2,,88.4,83.8,83.7,91.6,83.8,77.1,80.6,61.8,83.8,,77.9,-1.3,,0.8,-5.4,-5.5,-3.4,2.4,3,2,-4.5,0,,1.1,9.1,,5.7,3.2,2.6,6.1,0.8,-5.9,-4.6,-3.8,4.9,,-0.3,8.9,,3.1,0.7,0,11.3,-4.7,1.6,0.9,0,-6,,-0.7,0.82,,1.73,2.61,-1.25,1.6,-1.5,1.35,1.94,4,-2.46,,-7.57,0.271,0.708,0.496,0.6679999999999999,0.907,0.8440000000000001,0.516,24.5,-4.8,-0.8,0,38 - 38,11.2,3.1,-2.7,0.285,0.39299999999999996,0.322,0.128,0.645,0.22699999999999998,0.203,0.079,,0.059000000000000004,0.39,0.078,0.019,0.004,,0.255,0.106,,84.3,,78.7,93.1,88.4,85.3,77.3,,92.2,84.4,,0.6,,2.6,-1.1,1.1,-4.7,1,,-3.6,3.2,,3.4,,-7.6,8.3,4,1.1,-0.7,,4.5,-0.5,,0.4,,0.4,-3.5,1.9,0.3,-0.1,,0.7,-0.4,,0.2,,0.22,-0.33,0.89,0.48,-0.59,,0.11,-0.15,,0.271,0.7040000000000001,0.496,0.667,0.9059999999999999,0.8440000000000001,0.521,24.5,,124,76,63,113,104,72,118,1.04,141,46,136,70,113,131,84,115,79,,,0,,,0,,0,0.13699999999999998,0.214,,,,3.3
826,2010,Derek Jeter,NYY,36,157,663,739,179,136,30,3,10,111,67,63,4,106,9,3,1,22,18,5,0.27,363,102,90,2,2698,1013,1685,26,6,4,0.085,0.14300000000000002,0.59,0.34,0.37,0.71,0.1,0.307,0.0356,0.162,0.654,0.184,0.02,0.098,0.072,0.667,0.318,-1.8,83,-6.2,-4.4,21.9,6.2,22.2,2.3,$13.80 ,5.5,93,-0.7,-13.24,12.54,-6.21,-0.62,0.99,1.85,2,-0.27,-0.44,0.66,91.2,0.121,83.5,0.053,87.5,0.062,76.7,0.087,81.8,0.01,86.4,0.008,67.6,0.013999999999999999,,2.6,-2.4,-0.4,3.5,-3.4,-1.2,-0.9,0.15,-0.75,-0.3,2.1,-1.47,-4.46,-4.51,0.276,0.672,0.465,0.693,0.9279999999999999,0.855,0.47700000000000004,0.591,0.067,1,0.37,,0.055999999999999994,0.012,0.001,0.284,0.11900000000000001,0.05,0.012,,0.091,,0.007,,91.5,,87.8,85.9,83.3,90.8,83.6,76.2,77.4,,81.8,,65.2,-1.9,,0.1,-6.3,-3.9,-4.3,1.1,1,2.2,,0.1,,2,9.6,,6,2.8,6.5,5.8,1.1,-5.1,-7,,4.6,,1.1,-2.9,,-0.8,-0.6,-0.3,5.1,-3,2.1,1.5,,-4.2,,-0.6,-0.3,,-0.52,-2.05,-8.44,0.67,-0.95,1.56,4.68,,-1.75,,-3.52,0.254,0.6659999999999999,0.46399999999999997,0.67,0.9209999999999999,0.853,0.51,23.1,1.8,1,3.1,36 - 36,-5.3,3.8,-3.1,0.289,0.36,0.35100000000000003,0.15,0.59,0.26,0.242,0.084,,0.061,0.39399999999999996,0.078,0.013000000000000001,0.008,,0.248,0.11,0.001,82.5,,77.9,92.4,88.6,86.7,66.9,,91.7,84.3,0,1.3,,2.3,-1.3,0.1,-5.1,3.2,,-3.7,2.2,0,3.3,,-7,8.4,4.6,1.7,-1,,4.5,-0.1,0,0.9,,0.6,-2.5,0.7,0.2,0,,-1.4,0.1,0.1,0.4,,0.4,-0.24,0.35,0.54,0.07,,-0.21,0.03,4.87,0.257,0.66,0.465,0.667,0.922,0.853,0.515,23.1,,104,100,82,104,91,68,104,0.9,149,48,105,72,103,141,84,113,87,,,0,,,0,,0,0.163,0.22899999999999998,,,,2.3
826,1996,Derek Jeter,NYY,22,157,582,654,183,142,25,6,10,104,78,48,1,102,9,9,6,13,14,7,0.314,,,,,,,,,,,0.073,0.156,0.47,0.37,0.43,0.8,0.115,0.361,,,,,,,,,0.354,10.2,94,5.9,-14,20.8,8.5,24.6,2.2,,5.7,106,-0.29,-11.61,11.32,-2.37,-0.11,1.01,,0,0.55,-0.83,,,,,,,,,,,,,,,,,,,,,,,,,,,,,,,,,,,,,,,,-0.5,,,,,,,,,,,,,,,,,,,,,,,,,,,,,,,,,,,,,,,,,,,,,,,,,,,,,,,,,,,,,,,,,,,,,,,,,,,,,,,,,,,,,,,,-5.5,-0.5,,22 - 22,5.3,4,,,,,,,,0.245,,,,,,,,,,,,,,,,,,,,,,,,,,,,,,,,,,,,,,,,,,,,,,,,,,,,,,,,,,,,,,,,,,,,,,,,,,,,113,77,100,106,97,69,119,,,,,,,,,,,,,,,,,,0,,,,,,2.2
826,2011,Derek Jeter,NYY,37,131,546,607,162,128,24,4,6,84,61,46,0,81,6,5,4,10,16,6,0.297,289,86,88,2,2337,893,1444,24,11,5,0.076,0.133,0.57,0.355,0.388,0.743,0.092,0.336,0.0336,0.19,0.624,0.18600000000000003,0.023,0.07,0.083,0.455,0.331,7.3,75,2.9,-6.7,17.6,4.3,20.9,2.2,$16.80 ,5.6,104,0.75,-9.46,10.22,11.82,1.14,0.96,,0,0.69,0.1,0.647,92,0.10800000000000001,84,0.055,88.1,0.065,78.2,0.10099999999999999,83.3,0.011000000000000001,85.4,0.012,69.1,0.005,,6.2,3.1,2,4.8,-4.5,0.8,1.5,0.41,1.23,1.56,3.18,-1.91,3.39,5.35,0.281,0.6859999999999999,0.466,0.73,0.9109999999999999,0.851,0.457,0.585,0.069,0.4,0.408,,0.064,0.013000000000000001,0,0.24,0.106,0.052000000000000005,0.009,,0.095,,0.012,,92.1,,88.5,84.7,84.7,91.6,83.5,78.3,77,,83.1,,68.7,-1.9,,1.6,-6.5,-3.2,-0.3,2.6,3.2,0.3,,-0.2,,2.2,9.6,,5.8,4.9,3.4,5.9,1,-5.7,-4.5,,4.7,,3.1,-0.9,,0.8,1.7,0,5.2,4.6,2.5,2,,-6.3,,1.4,-0.1,,0.54,5.65,2.63,0.93,1.88,2.06,9.05,,-2.83,,5.32,0.24,0.662,0.465,0.6729999999999999,0.91,0.853,0.534,24,-2.4,0.2,0.1,37 - 37,3.3,2.3,0.1,0.29100000000000004,0.39899999999999997,0.31,0.276,0.523,0.2,0.21899999999999997,0.094,,0.062,0.4,0.062,0.016,0.012,,0.24600000000000002,0.107,0,83.8,,78.8,92.8,88.6,85.3,69.3,,92.2,84.2,0,-0.6,,2.6,-1.5,1.4,-5.4,1.3,,-1.8,2.7,0,2.9,,-7.4,8.4,4,2.4,-0.1,,4.8,-0.5,0,1,,0.3,-3.2,1.1,-0.1,0.3,,2,0.4,0,0.44,,0.2,-0.35,0.74,-0.39,1.11,,0.34,0.17,3.87,0.24,0.664,0.466,0.674,0.909,0.852,0.532,24,,115,94,74,110,95,61,114,0.98,142,51,70,72,115,126,116,101,81,,,0,,,0,,0,0.151,0.22,,,,2.2
1000001,1954,Hank Aaron,MIL,20,122,468,509,131,85,27,6,13,58,69,28,,39,3,4,6,13,2,2,0.28,,,,,,,,,,,0.055,0.077,0.72,0.322,0.447,0.769,0.167,0.281,,,,,,,,,0.346,5.2,63,2.2,-1,14.8,-5.7,11.3,1.2,,4,103,,,,,,,,,,,,,,,,,,,,,,,,,,,,,,,,,,,,,,,,,,,,,,,,,,-0.1,,,,,,,,,,,,,,,,,,,,,,,,,,,,,,,,,,,,,,,,,,,,,,,,,,,,,,,,,,,,,,,,,,,,,,,,,,,,,,,,,,,,,,,,-6.7,-0.1,,20 - 20,2.2,1,,,,,,,,0.157,,,,,,,,,,,,,,,,,,,,,,,,,,,,,,,,,,,,,,,,,,,,,,,,,,,,,,,,,,,,,,,,,,,,,,,,,,,,102,57,80,93,105,111,100,,,,,,,,,,,,,,,,,,0,,,,,,1.2
826,2014,Derek Jeter,NYY,40,145,581,634,149,125,19,1,4,47,50,35,0,87,6,4,8,15,10,2,0.256,303,99,90,6,2214,754,1460,24,14,3,0.055,0.13699999999999998,0.4,0.304,0.313,0.617,0.057,0.294,0.030600000000000002,0.183,0.616,0.201,0.061,0.04,0.079,0.214,0.279,-15.2,53,-17.2,-5.7,17.9,4.2,1.6,0.2,$1.30 ,3.5,75,-2.3,-11.44,9.14,-16.84,-1.8,1.01,2.46,1,-1.58,-0.69,0.6609999999999999,92.1,0.12,83.6,0.08,87.1,0.055999999999999994,78,0.067,83.2,0.008,84.3,0.007,75.8,0.001,,-13.9,-5.1,4.6,1.5,-0.1,1.6,-0.2,-0.95,-1.92,2.61,1.21,-0.06,8.66,-1.05,0.325,0.711,0.503,0.773,0.917,0.867,0.461,0.62,0.067,0.3,0.40700000000000003,,0.07,0.006,,0.255,0.12300000000000001,0.044000000000000004,0.015,,0.074,,0.007,,92.1,,87.7,83.4,,91.9,83.7,77.8,79.5,,83.3,,75.2,-1.8,,1.6,-6.4,,-1.4,2.4,2.5,4.4,,2,,-0.5,9.9,,5.5,2.2,,6.3,1,-4.9,-6,,5,,0.8,-8.7,,3.8,1.7,,-7.9,-4.5,0.7,0,,1.2,,-0.2,-0.97,,2.48,12.05,,-1.4,-1.64,0.7,0.07,,0.75,,-1.5,0.285,0.682,0.503,0.716,0.9179999999999999,0.866,0.5479999999999999,24.8,-1.5,0.6,0.6,40 - 40,-16.9,2,-0.9,0.302,0.36200000000000004,0.336,0.20199999999999999,0.5870000000000001,0.21100000000000002,0.19899999999999998,0.061,0,0.059000000000000004,0.41,0.087,0.013000000000000001,0.007,0.001,0.242,0.114,,83.8,70.2,79.4,93,88.5,86.3,75.7,89.4,92.7,84.1,,2.7,7.6,2.6,-1.4,1.2,-6.6,-0.3,-5.3,-2.4,2.8,,3.5,-13.3,-6.7,8.6,4,1.2,-0.9,4.1,4.8,-0.6,,0.8,0,-0.2,-5.1,0.8,0.1,0.2,0,-0.2,0,,0.6,2.56,-0.17,-0.57,0.44,0.29,1.5,-0.95,-0.04,-0.02,,0.27699999999999997,0.6809999999999999,0.503,0.726,0.9109999999999999,0.866,0.5589999999999999,24.8,,101,72,70,96,80,41,98,0.88,140,57,43,73,108,135,111,111,73,,,0,,,0,,0,0.151,0.218,,,,0.2
1000001,1975,Hank Aaron,MIL,41,137,465,543,109,79,16,2,12,45,60,70,3,51,1,6,1,15,0,1,0.234,,,,,,,,,,,0.129,0.094,1.37,0.332,0.355,0.687,0.12,0.238,,,,,,,,,0.32,-0.6,59,-1.3,-1,15.5,-13.9,0.8,0.1,,1.7,98,-1.11,-9.58,8.47,-4.07,-0.41,1,2.46,7,-0.32,-0.79,,,,,,,,,,,,,,,,,,,,,,,,,,,,,,,,,,,,,,,,-0.3,,,,,,,,,,,,,,,,,,,,,,,,,,,,,,,,,,,,,,,,,,,,,,,,,,,,,,,,,,,,,,,,,,,,,,,,,,,,,,,,,,,,,,,,-14.9,-0.3,,41 - 41,-1.6,1.8,,,,,,,,0.245,,,,,,,,,,,,,,,,,,,,,,,,,,,,,,,,,,,,,,,,,,,,,,,,,,,,,,,,,,,,,,,,,,,,,,,,,,,,91,143,73,101,94,99,85,,,,,,,,,,,,,,,,,,0,,,,,,0.1
